{
  "0": {
    "precision": 0.9274780426599749,
    "recall": 0.9110179935913236,
    "f1-score": 0.9191743347426014,
    "support": 8114.0
  },
  "1": {
    "precision": 0.9511038873086821,
    "recall": 0.9604705238681439,
    "f1-score": 0.9557642575200762,
    "support": 14622.0
  },
  "accuracy": 0.9428219563687544,
  "macro avg": {
    "precision": 0.9392909649843285,
    "recall": 0.9357442587297338,
    "f1-score": 0.9374692961313388,
    "support": 22736.0
  },
  "weighted avg": {
    "precision": 0.9426723204772426,
    "recall": 0.9428219563687544,
    "f1-score": 0.9427060839883894,
    "support": 22736.0
  }
}