accuracy,precision,recall,f1-score
0.9428219563687544,0.9426723204772426,0.9428219563687544,0.9427060839883894
